Tilt,Price
Kaşmir Halı Doğasever Geri Dönüşümlü Pet Halılar Zelve 80x300 cm                                             ,1.599 TL
Kaşmir Halı Doğasever Geri Dönüşümlü Pet Halılar Dalaman 160x230 cm                                             ,2.299 TL
Kaşmir Halı Doğasever Geri Dönüşümlü Pet Halılar Alakir 160x230 cm                                             ,2.299 TL
Kaşmir Halı Doğasever Geri Dönüşümlü Pet Halılar Dalaman 80x300 cm                                             ,1.599 TL
Kaşmir Halı Doğasever Geri Dönüşümlü Pet Halılar Alakir 80x300 cm                                             ,1.599 TL
Kaşmir Halı Doğasever Geri Dönüşümlü Pet Halılar Kumsal 160x230 cm                                             ,2.299 TL
Kaşmir Halı Doğasever Geri Dönüşümlü Pet Halılar Kızılırmak 80x300 cm                                             ,1.599 TL
Kaşmir Halı Doğasever Geri Dönüşümlü Pet Halılar Gün 160x230 cm                                             ,2.299 TL
Kaşmir Halı Dekoratif Art Türkmen Buhara 180x280 cm                                             ,1.659 TL
Kaşmir Halı Doğasever Geri Dönüşümlü Pet Halılar Kızılırmak 80x150 cm                                             ,"799,99 TL"
Kaşmir Halı Doğasever Geri Dönüşümlü Pet Halılar Zelve 80x150 cm                                             ,"799,99 TL"
Kaşmir Halı Doğasever Geri Dönüşümlü Pet Halılar Dalaman 80x150 cm                                             ,"799,99 TL"
Kaşmir Halı Doğasever Geri Dönüşümlü Pet Halılar Gün 80x150 cm                                             ,"799,99 TL"
Kaşmir Halı Doğasever Geri Dönüşümlü Pet Halılar Kumsal 80x150 cm                                             ,"799,99 TL"
Kaşmir Halı Doğasever Geri Dönüşümlü Pet Halılar Alakir 80x150 cm                                             ,"799,99 TL"
Kaşmir Halı Dekoratif Art Çocuk/Genç Eiffel 80x150 cm                                             ,"399,99 TL"
Kaşmir Halı Dekoratif Art Retro Süphan 120x180 cm                                             ,"679,99 TL"
Kaşmir Halı Dekoratif Art Trend Caldera 120x180 cm                                             ,"679,99 TL"
Kaşmir Halı 7/24 İskandinav Odin 120x180 cm                                             ,"679,99 TL"
Kaşmir Halı Dekoratif Art Trend Deep Blue 120x180 cm                                             ,"679,99 TL"
Kaşmir Halı Dekoratif Art Trend Leaf 120x180 cm                                             ,"679,99 TL"
Kaşmir Halı 7/24 Alaca Exclusive Talas 120x180 cm                                             ,1.249 TL
Kaşmir Halı Viskon Elegance Agate 80x300 cm                                             ,1.599 TL
Kaşmir Halı Viskon Modern Arven 80x150 cm                                             ,"549,99 TL"
